"scenario","mean","min","max","low","high"
"SLCA_1001_F_sum",1.18890764980741,0.00271739130434783,8.33333333333333,0.543000108189982,2.61209523809524
"SLCA_0101_F_sum",1.1365223599855,0.225806451612903,5.3,0.716264738632377,1.72163461538461
"SLCA_1101_F_sum",1.13607268245282,0.161290322580645,5.3,0.706696766780051,1.82251908396947
"SLCA_0011_F_sum",1.0387358256186,0.2,2.98882681564246,0.849771599368374,1.50173092053501
"SLCA_1011_F_sum",1.18821019017091,0.00271739130434783,8.33333333333333,0.543631679175535,2.61209523809524
"SLCA_0111_F_sum",1.05075765526224,0.355072463768116,3.4,0.822858844550328,1.3916253921083
"SLCA_1111_F_sum",1.07146334735284,0.398550724637681,3.9,0.788864887015572,1.43077939804416
